commodity,subcommodity,summary_category
Baby Foods,Baby Food â€ Beginner,Baby food
Baby Foods,Baby Food Junior/All Brands,Baby food
Baby Foods,Baby Food Cereals,Baby food
Baby Foods,Baby Juices,Baby food
Baby Foods,Baby Spring Waters,Baby food
Infant Formula,Infant Formula Starter/Solutio,Baby food
Infant Formula,Infant Formula Specialty,Baby food
Infant Formula,Infant Formula Starter Large P,Baby food
Infant Formula,Infant Formula Toddler,Baby food
Infant Formula,Infant Formula Solutions Large,Baby food
Infant Formula,Infant Formula Concentrate,Baby food
Infant Formula,Infant Formula Ready To Use,Baby food
Infant Formula,Baby Isotonic Drinks,Baby food
Infant Formula,Infant Formula Soy Base,Baby food
Infant Formula,Infant Formula Up Age,Baby food
Infant Formula,Infant Formula Milk Base,Baby food
Can Beans,Prepared Beans â€ Baked W/Pork,Beans
Can Beans,Variety Beans â€ Kidney/Pinto/E,Beans
Dry Bean Veg&Rice,Dry Beans/Peas/Barley: Bag & B,Beans
Frozen Meat Alternatives,Soy/Tofu,Beans
Salad & Dips,Sal: Hommus,Beans
Traditional Mexican Foods,Mexican Beans/Refried,Beans
Vegetables Cooking Bulk,Beans,Beans
Frozen Ice,Ice â€ Crushed/Cubed,Bottled water
Water,Fortified/Water,Bottled water
Water â€ (Sparkling&Still),Still Water Drnking/Mnrl Water,Bottled water
Water â€ (Sparkling&Still),Spring Water,Bottled water
Water â€ (Sparkling&Still),Distilled Water,Bottled water
Water â€ (Sparkling&Still),Sparkling Water  â€ Unflavored,Bottled water
Water â€ (Sparkling&Still),Sparkling Water â€ Flvrd Unswee,Bottled water
Bagels&Cream Cheese,Refrigerated Bagels,Bread and Crackers
Baked Breads,Mainstream White Bread,Bread and Crackers
Baked Breads,Mainstream Variety Breads,Bread and Crackers
Baked Breads,Hamburger Buns,Bread and Crackers
Baked Breads,Hot Dog Buns,Bread and Crackers
Baked Breads,Premium Bread,Bread and Crackers
Baked Breads,Bagels,Bread and Crackers
Baked Breads,Sandwich Buns,Bread and Crackers
Baked Breads,English Muffins/Waffles,Bread and Crackers
Baked Breads,Main Meal Bread,Bread and Crackers
Baked Breads,Dinner Rolls,Bread and Crackers
Baked Breads,Diet/Light Bread,Bread and Crackers
Baked Breads,Fruit/Breakfast Bread,Bread and Crackers
Baked Breads,Rye Breads,Bread and Crackers
Commodity,Subcommodity,Summary Category
Bread,Bread:Italian/French,Bread and Crackers
Bread,Bread:Specialty,Bread and Crackers
Bread,Bread:Artisan,Bread and Crackers
Bread,Bread:Pita/Pocket/Flatbrd,Bread and Crackers
Bread,Bread:Sweet/Breakfast,Bread and Crackers
Bread,Bread:Sourdough,Bread and Crackers
Bread,Bread:Tortillas/Wraps,Bread and Crackers
Bread,Bread:Rye/Cocktail,Bread and Crackers
Bread,Whole Grain Bread,Bread and Crackers
Bread,Bread:Wheat/Whl Grain,Bread and Crackers
Bread,Bread:Brand,Bread and Crackers
Cookie/Cracker Multiâ€Pks,Multiâ€Pack Crackers,Bread and Crackers
Crackers,Crackers,Bread and Crackers
Crackers & Misc Baked Food,Cheese Crackers,Bread and Crackers
Crackers & Misc Baked Food,Butter Spray Cracker,Bread and Crackers
Crackers & Misc Baked Food,Snack Crackers,Bread and Crackers
Crackers & Misc Baked Food,Saltine/Oyster,Bread and Crackers
Crackers & Misc Baked Food,Specialty Crackers,Bread and Crackers
Croutons/Bread Stick&Salad Top,Croutons,Bread and Crackers
Dry Sce/Gravy/Potatoes/Stuffng,Stuffing Mixes,Bread and Crackers
Frozen Bread/Dough,Frzn Garlic Toast,Bread and Crackers
Frozen Bread/Dough,Frzn Dinner Rolls,Bread and Crackers
Frozen Bread/Dough,Frzn Garlic Bread,Bread and Crackers
Frozen Bread/Dough,Frzn Biscuits,Bread and Crackers
Frozen Bread/Dough,Frzn Breadsticks,Bread and Crackers
Frozen Breakfast Foods,Frzn Bagels,Bread and Crackers
Refrgrated Dough Products,Refrigerated Biscuits,Bread and Crackers
Refrgrated Dough Products,Refrigerated Specialty Rolls,Bread and Crackers
Refrgrated Dough Products,Refrigerated Crescent Rolls,Bread and Crackers
Refrgrated Dough Products,Refrigerated Breads,Bread and Crackers
Refrgrated Dough Products,Misc Refrig Dough Products,Bread and Crackers
Refrigerated Hispanic Grocery,Refrigerated Tortillas,Bread and Crackers
Rice Cakes,Miniâ€Cakes,Bread and Crackers
Rice Cakes,Large Cakes,Bread and Crackers
Rolls,Rolls: Dinner,Bread and Crackers
Rolls,Rolls: Sandwich,Bread and Crackers
Rolls,Rolls: Croissants/Breadsticks,Bread and Crackers
Rolls,Rolls: Bagels,Bread and Crackers
Rolls,Rolls: Biscuits/Eng Muffins,Bread and Crackers
Ss/Vending â€ Cookie/Cracker,Vending Size/Sngl Serve Cracke,Bread and Crackers
Traditional Mexican Foods,Mexican Soft Tortillas And Wra,Bread and Crackers
Traditional Mexican Foods,Mexican Taco/Tostado/Shells,Bread and Crackers
Apples,Caramel/Candy Apples,Candy
Candy,Candy/Chocolate,Candy
Candy â€ Checklane,Candy Bars (Singles)(Including,Candy
Candy â€ Checklane,Chewing Gum,Candy
Commodity,Subcommodity,Summary Category
Candy â€ Checklane,Mints/Candy & Breath (Not Life,Candy
Candy â€ Checklane,Misc Checklane Candy,Candy
Candy â€ Checklane,Mints/Candy & Breath (Not Life,Candy
Candy â€ Packaged,Candy Bagsâ€Chocolate,Candy
Candy â€ Packaged,Candy Bars (Multi Pack),Candy
Candy â€ Packaged,Candy Bagsâ€Non Chocolate,Candy
Candy â€ Packaged,Seasonal Miscellaneous [Candy],Candy
Candy â€ Packaged,Seasonal Candy Bagsâ€Chocolate,Candy
Candy â€ Packaged,Gum (Packaged),Candy
Candy â€ Packaged,Miscellaneous Candy (Including,Candy
Candy â€ Packaged,Seasonal Candy Boxâ€Chocolate,Candy
Candy â€ Packaged,Seasonal Candy Bags Nonâ€Chocol,Candy
Candy â€ Packaged,Candy Bars Multi Pack W/Flour,Candy
Candy â€ Packaged,Candy Bagsâ€Chocolate W/Flour,Candy
Candy â€ Packaged,Miscellaneous Candy (Including,Candy
Candy â€ Packaged,Novelty Candy,Candy
Candy â€ Packaged,Seasonal Miscellaneous W/Flour,Candy
Candy â€ Packaged,Candy Boxed Chocolates W/Flour,Candy
Candy â€ Packaged,Candy Boxed Chocolates,Candy
Candy â€ Packaged,Seasonal Candy Box Nonâ€Chocola,Candy
Candy â€ Packaged,Candy Box Nonâ€Chocolate,Candy
Candy â€ Packaged,Candy Bagsâ€Non Chocolate W/Flo,Candy
Candy â€ Packaged,Bulk Candy,Candy
Candy â€ Packaged,Seasonal Candy Bagsâ€Chocolate,Candy
Candy â€ Packaged,Seasonal Candy Bags Nonâ€Chocol,Candy
Candy â€ Packaged,Seasonal Candy Box Nonâ€Chocola,Candy
Sweet Goods & Snacks,Sweet Goods: Candy,Candy
Trail Mix & Snacks,Candy W/O Flour,Candy
Trail Mix & Snacks,Candy W/Flour,Candy
Cereal Bars,Breakfast Bars/Tarts/Scones,Cereal
Cereals,Cereal â€ Cold,Cereal
Cereals,Granola,Cereal
Cnv Breakfast&Wholesome Snks,Granola Bars,Cereal
Cnv Breakfast&Wholesome Snks,Cereal Bars,Cereal
Cold Cereal,Kids Cereal,Cereal
Cold Cereal,All Family Cereal,Cereal
Cold Cereal,Adult Cereal,Cereal
Hot Cereal,Instant Oatmeal,Cereal
Hot Cereal,Standard Oatmeal,Cereal
Hot Cereal,Grits,Cereal
Hot Cereal,Other Hot Cereal,Cereal
Hot Cereal,Instant Breakfast,Cereal
Coffee & Creamers,Unflavored Can Coffee,Coffee and tea
Coffee & Creamers,Unflavored Bag Coffee,Coffee and tea
Coffee & Creamers,Unflavored Instant Coffee,Coffee and tea
Coffee & Creamers,Ready To Drink Coffee,Coffee and tea
Commodity,Subcommodity,Summary Category
Coffee & Creamers,Flavored Bag Coffee,Coffee and tea
Coffee & Creamers,Specialty Instant Coffee W/Swe,Coffee and tea
Coffee & Creamers,Flavored Can Coffee,Coffee and tea
Coffee & Creamers,Bulk Coffee,Coffee and tea
Coffee & Creamers,Specialty Instant Coffee W/O S,Coffee and tea
Dry Tea/Coffee/Coco Mixes,Tea Bags (Supplement),Coffee and tea
Refrgratd Juices/Drinks,Dairy Case Tea No Sugar Or Swe,Coffee and tea
Teas,Tea Bags & Bulk Tea,Coffee and tea
Teas,Tea Bags/Herbal,Coffee and tea
Teas,Tea Bags/Green,Coffee and tea
Teas,Instant Tea & Tea Mix,Coffee and tea
Authentic Hispanic Fds&Product,Authentic Sauces/Salsa/Picante,Condiments and seasoning
Bag Snacks,Salsa & Dips,Condiments and seasoning
Can Vegetables â€ Shelf Stable,Fried Onions,Condiments and seasoning
Condiments,Oils/Vinegar,Condiments and seasoning
Condiments & Sauces,Bbq Sauce,Condiments and seasoning
Condiments & Sauces,Catsup,Condiments and seasoning
Condiments & Sauces,Steak & Worchester Sauce,Condiments and seasoning
Condiments & Sauces,Hot Sauce,Condiments and seasoning
Condiments & Sauces,Marinades,Condiments and seasoning
Condiments & Sauces,Yellow Mustard,Condiments and seasoning
Condiments & Sauces,Mustard â€ All Other,Condiments and seasoning
Condiments & Sauces,Wing Sauce,Condiments and seasoning
Condiments & Sauces,Chili Sauce/Cocktail Sauce,Condiments and seasoning
Condiments & Sauces,Misc Meat Sauces,Condiments and seasoning
Croutons/Bread Stick&Salad Top,Salad Toppers,Condiments and seasoning
Dressings/Dips,Dips Guacamole/Salsa/Queso,Condiments and seasoning
Dressings/Dips,Dips Veggie,Condiments and seasoning
Dressings/Dips,Dips Fruit And Chocolate,Condiments and seasoning
Dry Sce/Gravy/Potatoes/Stuffng,Sauce Mixes/Gravy Mixes Dry,Condiments and seasoning
Dry Sce/Gravy/Potatoes/Stuffng,Gravy Can/Glass,Condiments and seasoning
Dry Sce/Gravy/Potatoes/Stuffng,Cooking Bags With Spices/Seaso,Condiments and seasoning
Enhancements,Enhancements â€ Pickles/Kraut,Condiments and seasoning
Enhancements,Enhancements â€ Salads/Spreads,Condiments and seasoning
Enhancements,Enhancements â€ Spices/Sauces,Condiments and seasoning
Herbs/Garlic,Herbs Cilanto,Condiments and seasoning
Herbs/Garlic,Herbs Fresh Other Organic,Condiments and seasoning
Herbs/Garlic,Herbs Basil Organic,Condiments and seasoning
Mediterranean Bar,Sal:Olives/Picklesâ€Bulk,Condiments and seasoning
Mediterranean Bar,Sal:Olives/Picklesâ€Bulk,Condiments and seasoning
Pickle/Relish/Pckld Veg&Olives,Ripe Olives,Condiments and seasoning
Pickle/Relish/Pckld Veg&Olives,Peppers,Condiments and seasoning
Pickle/Relish/Pckld Veg&Olives,Green Olives,Condiments and seasoning
Pickle/Relish/Pckld Veg&Olives,Relishes,Condiments and seasoning
Pickle/Relish/Pckld Veg&Olives,Pickld Veg/Peppers/Etc,Condiments and seasoning
Pickle/Relish/Pckld Veg&Olives,Specialty Olives,Condiments and seasoning
Commodity,Subcommodity,Summary Category
Salad & Dips,Sal: Salsa/Dips Bulk,Condiments and seasoning
Salad & Dips,Sal:Dip Prepack,Condiments and seasoning
Salad & Dips,Sal:Salsa Prepack,Condiments and seasoning
Salad Dresing&Sandwich Spreads,Dry Salad Dressing&Dip Mixes,Condiments and seasoning
Seafood â€ Salad/Dip/Sce/Cond,Dips/Spreads,Condiments and seasoning
Spices & Extracts,Traditional Spices,Condiments and seasoning
Spices & Extracts,Gourmet Spices,Condiments and seasoning
Spices & Extracts,Pure Extracts,Condiments and seasoning
Spices & Extracts,Table Salt/Popcorn Salt/Ice Cr,Condiments and seasoning
Spices & Extracts,Imitation Extracts,Condiments and seasoning
Spices/Jarred Garlic,Spices & Seasonings,Condiments and seasoning
Traditional Asian Foods,Asian Other Sauces/Marinad,Condiments and seasoning
Traditional Asian Foods,Asian Soy Sauce,Condiments and seasoning
Traditional Mexican Foods,Mexican Sauces And Picante Sau,Condiments and seasoning
Traditional Mexican Foods,Mexican Seasoning Mixes,Condiments and seasoning
Traditional Mexican Foods,Mexican Taco Sauce,Condiments and seasoning
Vinegar&Cooking Wines,Vinegar/White&Cider,Condiments and seasoning
Vinegar&Cooking Wines,Specialty Vinegar,Condiments and seasoning
Eggs/Muffins/Potatoes,Eggs â€ Large,Eggs
Eggs/Muffins/Potatoes,Eggs â€Medium,Eggs
Eggs/Muffins/Potatoes,Eggs â€ Xâ€Large,Eggs
Eggs/Muffins/Potatoes,Eggs â€ Jumbo,Eggs
Eggs/Muffins/Potatoes,Eggs Substitute,Eggs
Eggs/Muffins/Potatoes,Misc Dairy Refigerated,Eggs
Refrigerated Dairy Case,Eggs,Eggs
Dressings/Dips,Dressing Creamy,Fats and oils
Dressings/Dips,Dressing Blue Cheese,Fats and oils
Margarines,Margarine: Tubs And Bowls,Fats and oils
Margarines,Butter,Fats and oils
Margarines,Margarine  Stick,Fats and oils
Margarines,Margarine: Squeeze,Fats and oils
Salad Dresing&Sandwich Spreads,Pourable Salad Dressings,Fats and oils
Salad Dresing&Sandwich Spreads,Mayonnaise&Whipped Dressing,Fats and oils
Salad Dresing&Sandwich Spreads,Sand/Horseradish&Tartar Sauce,Fats and oils
Shortening & Oil,Vegetable Oil,Fats and oils
Shortening & Oil,Canola Oils,Fats and oils
Shortening & Oil,Olive Oil,Fats and oils
Shortening & Oil,Cooking Sprays,Fats and oils
Shortening & Oil,Solid Shortening,Fats and oils
Shortening & Oil,Corn Oil,Fats and oils
Shortening & Oil,Cooking Oil: Peanut/Safflower/,Fats and oils
Baking,Flours/Grains/Sugar,Flour and prepared flour mixes
Flour & Meals,Flour: White & Self Rising,Flour and prepared flour mixes
Flour & Meals,Breadings/Coatings/Crumbs,Flour and prepared flour mixes
Flour & Meals,Flour: Misc/Specialty/Blend Et,Flour and prepared flour mixes
Molasses/Syrups/Pancake Mixes,Pancake Mixes,Flour and prepared flour mixes
Commodity,Subcommodity,Summary Category
Frozen Breakfast Foods,Waffles/Pancakes/French Toast,Frozen prepared foods
Frozen Breakfast Foods,Frzn Breakfast Entrees,Frozen prepared foods
Frozen Entrees,Meatless/Vegetarian,Frozen prepared foods
Frozen Ethnic,Frozen International [Ethnic Food],Frozen prepared foods
Frozen Handhelds & Snacks,Snacks/Appetizers,Frozen prepared foods
Frozen Handhelds & Snacks,Sandwiches&Handhelds,Frozen prepared foods
Frozen Handhelds & Snacks,Corn Dogs,Frozen prepared foods
Frozen Handhelds & Snacks,Burritos,Frozen prepared foods
Frozen Meat Alternatives,Micro Protein [Meat],Frozen prepared foods
Frozen Pizza,Pizza/Premium,Frozen prepared foods
Frozen Pizza,Pizza/Economy,Frozen prepared foods
Frozen Pizza,Pizza/Traditional,Frozen prepared foods
Frozen Pizza,Pizza/Single Serve/Microwave,Frozen prepared foods
Frzn Meatless,Meatless Burgers,Frozen prepared foods
Frzn Meatless,Meatless Breakfast,Frozen prepared foods
Frzn Meatless,Meatless Poultry,Frozen prepared foods
Frzn Meatless,Meatless Miscellaneous,Frozen prepared foods
Frzn Multi Serve,Fz Family Style Entrees,Frozen prepared foods
Frzn Multi Serve,Fz Skillet Meals,Frozen prepared foods
Frzn Multi Serve,Fz Meatballs,Frozen prepared foods
Frzn Pasta,Frozen Pasta,Frozen prepared foods
Frzn Prepared Chicken,Whole Muscle Breaded/ 18oz And,Frozen prepared foods
Frzn Prepared Chicken,Boneless Snack/18oz And Larger,Frozen prepared foods
Frzn Prepared Chicken,Boneâ€In Wings,Frozen prepared foods
Frzn Prepared Chicken,Fz Meal Kits/Stuffed/Other,Frozen prepared foods
Frzn Prepared Chicken,Whole Muscle Unbreaded,Frozen prepared foods
Frzn Prepared Chicken,Boneless Snack/Value/Small,Frozen prepared foods
Frzn Seafood,Frz Coated Fish Fillets,Frozen prepared foods
Frzn Seafood,Frz Fishsticks/Tenders/Nuggets,Frozen prepared foods
Frzn Seafood,Frz Nonâ€Coated Fish Fillets,Frozen prepared foods
Frzn Ss Economy Meals,Fz Ss Economy Meals All,Frozen prepared foods
Frzn Ss Premium Meals,Fz Ss Prem Traditional Meals,Frozen prepared foods
Frzn Ss Premium Meals,Fz Ss Prem Nutritional Meals,Frozen prepared foods
Apples,Apples Gala (Bulk&Bag),Fruits
Apples,Apples Red Delicious (Bulk&Bag,Fruits
Apples,Apples Granny Smith (Bulk&Bag),Fruits
Apples,Mixed Fruit Bags,Fruits
Apples,Apples Other (Bulk&Bag),Fruits
Apples,Apples Fuji (Bulk&Bag),Fruits
Apples,Apples Gold Delicious (Bulk&Ba,Fruits
Apples,Apples Honeycrisp,Fruits
Apples,Apples Braeburn (Bulk&Bag),Fruits
Apples,Apples Gala (Bulk&Bag) Organic,Fruits
Apples,Apples Red Delicious (Bulk&Bag,Fruits
Apples,Apples Granny Smith (Bulk&Bag),Fruits
Apples,Apples Gold Delicious (Bulk&Ba,Fruits
Commodity,Subcommodity,Summary Category
Bananas,Bananas Organic,Fruits
Berries,Strawberries,Fruits
Berries,Blueberries,Fruits
Berries,Raspberries,Fruits
Berries,Blackberries,Fruits
Berries,Strawberries Organic,Fruits
Berries,Raspberries Organic,Fruits
Berries,Blueberries Organic,Fruits
Can Fruit/Jar Applesauce,Pineapple,Fruits
Can Fruit/Jar Applesauce,Peaches,Fruits
Can Fruit/Jar Applesauce,Fruit Cocktail/Fruit Salad,Fruits
Can Fruit/Jar Applesauce,Mandarin Oranges/Citrus Sect,Fruits
Can Fruit/Jar Applesauce,Apple Sauce (Excludes Cup),Fruits
Can Fruit/Jar Applesauce,Pears,Fruits
Can Fruit/Jar Applesauce,Cranberry Sauce,Fruits
Citrus,Oranges Navels All,Fruits
Citrus,Clementines,Fruits
Citrus,Lemons,Fruits
Citrus,Limes,Fruits
Citrus,Grapefruit,Fruits
Citrus,Tangerines & Tangelos,Fruits
Citrus,Oranges Non Navel All,Fruits
Convenience/Snacking,Jarred Fruit Single Serve,Fruits
Convenience/Snacking,Convenience/Snacking Fruit Pro,Fruits
Convenience/Snacking,Jarred Fruit Multi Serve,Fruits
Dried Fruit,Raisins,Fruits
Dried Fruit,Dried Fruit â€ Other,Fruits
Dried Fruit,Dried Plums,Fruits
Frozen Fruits,Frozen Fruit,Fruits
Grapes,Grapes Red,Fruits
Grapes,Grapes White,Fruits
Grapes,Grapes Black/Blue,Fruits
Grapes,Grapes Red Globe,Fruits
Grapes,Grapes Other,Fruits
Melons,Watermelon Seedless Whole,Fruits
Melons,Cantaloupe Whole,Fruits
Melons,Watermelon Personal,Fruits
Melons,Watermelon W/Seeds Whole,Fruits
Melons,Honeydew Whole,Fruits
Pears,Pears Bartlett,Fruits
Pears,Pears Anjou,Fruits
Pears,Pears Bosc,Fruits
Single Serve Fruit/Applesauce,Fruit Cup,Fruits
Single Serve Fruit/Applesauce,Applesauce Cup,Fruits
Stone Fruit,Cherries Red,Fruits
Stone Fruit,Peaches Yellow Flesh,Fruits
Commodity,Subcommodity,Summary Category
Stone Fruit,Plums,Fruits
Stone Fruit,Cherries Ranier,Fruits
Stone Fruit,Peaches White Flesh,Fruits
Tropical Fruit,Avocado,Fruits
Tropical Fruit,Pineapple Whole&Peel/Cored,Fruits
Tropical Fruit,Mango,Fruits
Tropical Fruit,Kiwi Fruit,Fruits
Tropical Fruit,Pomegranates,Fruits
Value Added Fruit,Instore Cut Fruit,Fruits
Value Added Fruit,Melons Instore Cut,Fruits
Value Added Fruit,Cut Fruit All Other Prepack,Fruits
Value Added Fruit,Fruit Party Tray Prepack,Fruits
Bagels&Cream Cheese,Cream Cheese,High fat dairy/cheese
Bulk Service Case Cheese,Bulk Semiâ€Hard [Cheese],High fat dairy/cheese
Bulk Service Case Cheese,Bulk Processed [Cheese],High fat dairy/cheese
Bulk Service Case Cheese,Bulk Semiâ€Soft [Cheese],High fat dairy/cheese
Cheese,Shredded Cheese,High fat dairy/cheese
Cheese,American Single Cheese,High fat dairy/cheese
Cheese,Natural Cheese Chunks,High fat dairy/cheese
Cheese,String Cheese,High fat dairy/cheese
Cheese,Natural Cheese Slices,High fat dairy/cheese
Cheese,Miscellaneous Cheese,High fat dairy/cheese
Coffee & Creamers,Non Dairy Creamer,High fat dairy/cheese
Crackers & Misc Baked Food,Aerosol Cheese,High fat dairy/cheese
Dry Cheese,Loaf Cheese,High fat dairy/cheese
Dry Cheese,Grated Cheese,High fat dairy/cheese
Dry Cheese,Misc Dry Cheese,High fat dairy/cheese
Fluid Milk Products,Refrigerated Coffee Creamers,High fat dairy/cheese
Fluid Milk Products,Half & Half,High fat dairy/cheese
Fluid Milk Products,Whipping Cream,High fat dairy/cheese
Fluid Milk Products,Egg Nog/Boiled Custard,High fat dairy/cheese
Fluid Milk Products,Buttermilk,High fat dairy/cheese
Ice Cream Ice Milk & Sherbets,Premium [Ice Cream & Sherbert],High fat dairy/cheese
Ice Cream Ice Milk & Sherbets,Traditional [Ice Cream & Sherbert],High fat dairy/cheese
Ice Cream Ice Milk & Sherbets,Pails [Ice Cream & Sherbert],High fat dairy/cheese
Ice Cream Ice Milk & Sherbets,Super Premium Pints [Ice Cream &,High fat dairy/cheese
,Sherbert],
Ice Cream Ice Milk & Sherbets,Premium Pints [Ice Cream &,High fat dairy/cheese
,Sherbert],
Ice Cream Ice Milk & Sherbets,Quarts [Ice Cream & Sherbert],High fat dairy/cheese
Milk Byâ€Products,Sour Creams,High fat dairy/cheese
Milk Byâ€Products,Cottage Cheese,High fat dairy/cheese
Milk Byâ€Products,Refrig Dips,High fat dairy/cheese
Milk Byâ€Products,Aerosol Toppings [Milk Byâ€Products],High fat dairy/cheese
Milk Byâ€Products,Ricotta Cheese,High fat dairy/cheese
Preâ€Slice Service Case Cheese,Preâ€Sliced Semiâ€Soft [Cheese],High fat dairy/cheese
,Commodity,
,Refrigerated Hispanic Grocery,
Specialty Cheese Pre Pack,Specialty Ppk Cheese Hard/Grat,High fat dairy/cheese
,Specialty Cheese Pre Pack,
Specialty Cheese Pre Pack,Specialty Ppk Cheese Feta,High fat dairy/cheese
,Specialty Cheese Pre Pack,
Specialty Cheese Pre Pack,Specialty Ppk Cheese Processed,High fat dairy/cheese
,Specialty Cheese Pre Pack,
Specialty Cheese Pre Pack,Specialty Ppk Cheese Semi Soft,High fat dairy/cheese
,Specialty Cheese Pre Pack,
Specialty Cheese Pre Pack,Specialty Ppk Cheese Blue/Gorg,High fat dairy/cheese
,Specialty Cheese Pre Pack,
Specialty Cheese Pre Pack,Specialty Ppk Cheese Gouda&Eda,High fat dairy/cheese
,Specialty Cheese Pre Pack,
Traditional Mexican Foods,Mexican Con Queso,High fat dairy/cheese
Fruit Snacks,Fruit Snacks,Fruit Snacks
,,
Peanut Butter/Jelly/Jams&Honey,Preserves/Jam/Marmalade,"Jams,jellies,preservesandothersweets"
Peanut Butter/Jelly/Jams&Honey,Peanut Butter/Jelly/Jams&Honey,Jelly
,,
Aseptic Juice,Aseptic Pack Juice And Drinks,Juices
,Frozen Juice And Smoothies,
Frozen Juice And Smoothies,Frzn Oj&Oj Substitutes (Over 5,Juices
,Juice,
Juice,Drinks â€ Carb Juice (Over 50%,Juices
,Juices Super Premium,
Juices Super Premium,Juices Proteins,Juices
,Juices Super Premium,
Processed,Squeeze Lemons/Limes,Juices
,Refrgratd Juices/Drinks,
Refrgratd Juices/Drinks,Dairy Case 100% Pure Juice Oth,Juices
,Rtd Tea/New Age Juice,
Shelf Stable Juice,Apple Juice & Cider (Over 50%,Juices
,Shelf Stable Juice,
Shelf Stable Juice,Grape Juice (Over 50% Juice),Juices
,Shelf Stable Juice,
Shelf Stable Juice,Tomato Juice (Over 50% Jce),Juices
,Shelf Stable Juice,
Shelf Stable Juice,Cranberry Juice (Over 50% Jce),Juices
,Shelf Stable Juice,
Shelf Stable Juice,Prune Juice (Over 50% Juice),Juices
,Shelf Stable Juice,
Shelf Stable Juice,Grapefruit Juice (Over 50% Jui,Juices
,Shelf Stable Juice,
Shelf Stable Juice,Grapefruit Juice (50% And Unde,Juices
,Bacon,
Bacon,Bacon â€ Trad Greater Than 16oz,Meat/Poultry/Seafood
Commodity,Subcommodity,Summary Category
Bacon,Bacon â€ Preâ€Cooked,Meat/Poultry/Seafood
Bacon,Bacon â€ Trad Center Cut,Meat/Poultry/Seafood
Bacon,Bacon â€ Other,Meat/Poultry/Seafood
Bacon,Bacon â€ Natural/Organic,Meat/Poultry/Seafood
Beef:Grinds,Lean [Beef],Meat/Poultry/Seafood
Beef:Grinds,Primal [Beef],Meat/Poultry/Seafood
Beef:Grinds,Angus [Beef],Meat/Poultry/Seafood
Beef:Grinds,Patties [Beef],Meat/Poultry/Seafood
Beef:Loins,Choice Beef,Meat/Poultry/Seafood
Beef:Loins,Select Beef,Meat/Poultry/Seafood
Beef:Rib,Angus [Beef],Meat/Poultry/Seafood
Beef:Round,Choice Beef,Meat/Poultry/Seafood
Beef:Round,Angus Beef,Meat/Poultry/Seafood
Beef:Round,Select Beef,Meat/Poultry/Seafood
Beef:Thin Meats,Soup/Stew,Meat/Poultry/Seafood
Beef:Thin Meats,Cubed Meats [Beef],Meat/Poultry/Seafood
Beef:Thin Meats,Corned Beef,Meat/Poultry/Seafood
Beef:Thin Meats,Brisket [Beef],Meat/Poultry/Seafood
Beef:Thin Meats,Skirt [Beef],Meat/Poultry/Seafood
Beef:Thin Meats,Flank [Beef],Meat/Poultry/Seafood
Breakfast Sausage,Bkfst Sausage â€ Fresh Rolls,Meat/Poultry/Seafood
Breakfast Sausage,Bkfst Sausage â€ Fresh Links,Meat/Poultry/Seafood
Breakfast Sausage,Bkfst Sausage â€ Fresh Patties,Meat/Poultry/Seafood
Breakfast Sausage,Bkfst Sausage â€ Precooked,Meat/Poultry/Seafood
Breakfast Sausage,Bkfst Sausage â€ Bkfast Side Di,Meat/Poultry/Seafood
Breakfast Sausage,Bkfst Sausage â€ Other Forms,Meat/Poultry/Seafood
Buffalo,Grinds [Buffalo],Meat/Poultry/Seafood
Can Seafood â€ Shelf Stable,Tuna,Meat/Poultry/Seafood
Can Seafood â€ Shelf Stable,Salmon,Meat/Poultry/Seafood
Can Seafood â€ Shelf Stable,Sardines,Meat/Poultry/Seafood
Can Seafood â€ Shelf Stable,Oysters,Meat/Poultry/Seafood
Chicken & Poultry,Chix:Value Added (Cold),Meat/Poultry/Seafood
Chicken & Poultry,Chix:Frd 8pc/Cut Up (Cold),Meat/Poultry/Seafood
Chicken & Poultry,Chix: Baked 8pc Cut Up (Cold),Meat/Poultry/Seafood
Chicken & Poultry,Chix: Rotisserie Cold,Meat/Poultry/Seafood
Chicken Fresh,Chicken Breast Boneless,Meat/Poultry/Seafood
Chicken Fresh,Chicken Wings,Meat/Poultry/Seafood
Chicken Fresh,Chicken Drums,Meat/Poultry/Seafood
Chicken Fresh,Whole Chicken (Roasters/Fryer),Meat/Poultry/Seafood
Chicken Fresh,Chicken Thighs,Meat/Poultry/Seafood
Chicken Fresh,Chicken Legs/Quarters,Meat/Poultry/Seafood
Chicken Fresh,Mixed Packs [Chicken],Meat/Poultry/Seafood
Chicken Frozen,Frzn Chicken â€Wht Meat,Meat/Poultry/Seafood
Chicken Frozen,Frzn Chicken â€Wings,Meat/Poultry/Seafood
Chicken Frozen,Frzn Chicken â€ Drk Meat,Meat/Poultry/Seafood
Chicken Grinds,Ground Chicken,Meat/Poultry/Seafood
Commodity,Subcommodity,Summary Category
Chicken Specialty/Natural,Chicken Breast Boneless,Meat/Poultry/Seafood
Chicken Specialty/Natural,Chicken Wings,Meat/Poultry/Seafood
Chicken Specialty/Natural,Whole Chicken (Roasters/Fryer),Meat/Poultry/Seafood
Deli Meat: Bulk,Meat: Turkey Bulk,Meat/Poultry/Seafood
Deli Meat: Bulk,Meat:Ham Bulk,Meat/Poultry/Seafood
Deli Meat: Bulk,Meat: Beef Bulk,Meat/Poultry/Seafood
Deli Meat: Bulk,Meat Bulk: Specialty Dry Meats,Meat/Poultry/Seafood
Deli Meat: Bulk,Bologna/Loaves/Franks,Meat/Poultry/Seafood
Deli Meat: Bulk,Meat: Chicken Bulk,Meat/Poultry/Seafood
Deli Meat: Presliced,Deli Meat: Specialty Dry Meats,Meat/Poultry/Seafood
Deli Meat: Presliced,Deli Meat: Semiâ€Dry Sausage,Meat/Poultry/Seafood
Deli Meat: Presliced,Deli Meat: Turkey,Meat/Poultry/Seafood
Deli Meat: Presliced,Deli Meat: Ham,Meat/Poultry/Seafood
Deli Meat: Presliced,Deli Meat: Beef,Meat/Poultry/Seafood
Dinner Sausage,Dnr Sausage â€ Links Pork Ckd/S,Meat/Poultry/Seafood
Dinner Sausage,Dnr Sausage â€ Links Fresh,Meat/Poultry/Seafood
Dinner Sausage,Dnr Sausage â€ Pork Rope Ckd/Sm,Meat/Poultry/Seafood
Dinner Sausage,Dnr Sausage â€ Beef Rope Ckd/Sm,Meat/Poultry/Seafood
Dinner Sausage,Dnr Sausage â€ Other Forms,Meat/Poultry/Seafood
Dinner Sausage,Dnr Sausage â€ Links Beef Ckd/S,Meat/Poultry/Seafood
Dinner Sausage,Dnr Sausage â€ Poultry Rope Ckd,Meat/Poultry/Seafood
Dinner Sausage,Dnr Sausage â€ Links Poultry Ck,Meat/Poultry/Seafood
Dinner Sausage,Dnr Sausage â€ Natural/Organic,Meat/Poultry/Seafood
Dinner Sausage,Dnr Sausage â€ Fresh Poultry,Meat/Poultry/Seafood
Frozen Breakfast Foods,Frzn Breakfast Sausage,Meat/Poultry/Seafood
Frzn Multi Serve,Frzn Burgers,Meat/Poultry/Seafood
Frzn Prepared Chicken,Value Forms/ 18oz And Larger,Meat/Poultry/Seafood
,[Chicken],
Hot Dogs,Hot Dogs â€ Base Meat,Meat/Poultry/Seafood
Hot Dogs,Hot Dogs â€ Base Beef,Meat/Poultry/Seafood
Hot Dogs,Hot Dogs â€ Premium,Meat/Poultry/Seafood
Hot Dogs,Hot Dogs â€ Base Poultry,Meat/Poultry/Seafood
Lamb,Round/Leg [Lamb],Meat/Poultry/Seafood
Lamb,Loin [Lamb],Meat/Poultry/Seafood
Lamb,Chuck/Shoulder [Lamb],Meat/Poultry/Seafood
Lunchmeat,Lunchment â€ Deli Fresh,Meat/Poultry/Seafood
Lunchmeat,Lunchment â€ Bologna/Sausage,Meat/Poultry/Seafood
Lunchmeat,Lunchmeat â€ Chop/Form Pltry&Ha,Meat/Poultry/Seafood
Lunchmeat,Lunchmeat â€Whole Muscle Pltry,Meat/Poultry/Seafood
Lunchmeat,Lunchmeat â€ Chip Meat,Meat/Poultry/Seafood
Lunchmeat,Lunchmeat â€ Brauns/Liver/Loave,Meat/Poultry/Seafood
Lunchmeat,Lunchmeat â€ Variety Pack,Meat/Poultry/Seafood
Lunchmeat,Lunchmeat â€ Other,Meat/Poultry/Seafood
Lunchmeat,Lunchment â€ Natural/Organic,Meat/Poultry/Seafood
Lunchmeat,Lunchmeat â€ Peggable Deli Fres,Meat/Poultry/Seafood
Meat Frozen,Frzn Meat â€ Beef,Meat/Poultry/Seafood
Commodity,Subcommodity,Summary Category
Meat Frozen,Frzn Meat â€ Offals,Meat/Poultry/Seafood
Meat Frozen,Frzn Meat â€ Turkey,Meat/Poultry/Seafood
Meat Snacks,Jerky/Nuggets/Tenders,Meat/Poultry/Seafood
Meat Snacks,Meat Sticks/Bites,Meat/Poultry/Seafood
Party Tray,Deli Tray:Meat And Cheese,Meat/Poultry/Seafood
Pork Bone In Loin/Rib,Dry [Pork Bone In Loin/Rib],Meat/Poultry/Seafood
Pork Boneless Loin/Rib,Enhanced [Pork Boneless Loin/Rib],Meat/Poultry/Seafood
Pork Grinds,Ground Pork,Meat/Poultry/Seafood
Pork Offal,External Fresh [Pork Offal],Meat/Poultry/Seafood
Pork Shoulder,Butts [Pork Shoulder],Meat/Poultry/Seafood
Pork Shoulder,Fresh Hams,Meat/Poultry/Seafood
Pork Thin Meats,Ribs [Pork],Meat/Poultry/Seafood
Poultry Other,Cornish Hen,Meat/Poultry/Seafood
Random Weight Meat Products,Lunch Meats,Meat/Poultry/Seafood
Seafood â€ Catfish,Catfish â€ Fillet,Meat/Poultry/Seafood
Seafood â€ Catfish,Catfish â€Whole,Meat/Poultry/Seafood
Seafood â€ Catfish,Catfish â€ Nuggets,Meat/Poultry/Seafood
Seafood â€ Cod,Cod â€ Fillet,Meat/Poultry/Seafood
Seafood â€ Crab,Crab â€ Snow,Meat/Poultry/Seafood
Seafood â€ Crab,Crab â€ King,Meat/Poultry/Seafood
Seafood â€ Crab,Crab â€ Dungy,Meat/Poultry/Seafood
Seafood â€ Crab,Crab â€ Other,Meat/Poultry/Seafood
Seafood â€ Finfish Other,Finfish â€ Other,Meat/Poultry/Seafood
Seafood â€ Finfish Other,Finfish â€ Other,Meat/Poultry/Seafood
Seafood â€ Lobster,Lobster â€ Tails,Meat/Poultry/Seafood
Seafood â€ Party Trays,Party Tray â€ Shrimp,Meat/Poultry/Seafood
Seafood â€ Salmonâ€Farm Raised,Salmon Fr â€ Altantic,Meat/Poultry/Seafood
Seafood â€ Salmonâ€Wild Caught,Salmon Wc â€ Pink,Meat/Poultry/Seafood
Seafood â€ Salmonâ€Wild Caught,Salmon Wc â€ Sockeye,Meat/Poultry/Seafood
Seafood â€ Scallops,Scallops â€ Sea,Meat/Poultry/Seafood
Seafood â€ Shrimp,Shrimp â€ Raw,Meat/Poultry/Seafood
Seafood â€ Shrimp,Shrimp â€ Cooked,Meat/Poultry/Seafood
Seafood â€ Smoked Seafood,Smoked Salmon,Meat/Poultry/Seafood
Seafood â€ Tilapia,Tilapia â€ Fillet,Meat/Poultry/Seafood
Seafood â€ Trout,Steelhead Fr [Trout],Meat/Poultry/Seafood
Seafood â€ Value Added Seafood,Value Added Breaded Shrimp,Meat/Poultry/Seafood
Seafood â€ Value Added Seafood,Value Added Shrimp,Meat/Poultry/Seafood
Seafood â€ Value Added Seafood,Value Added Crab,Meat/Poultry/Seafood
Service Case Meat,Seasoned Poultry,Meat/Poultry/Seafood
Service Case Meat,Stuffed/Mixed Beef,Meat/Poultry/Seafood
Service Case Meat,Marinated Pork,Meat/Poultry/Seafood
Service Case Meat,Marinated Poultry,Meat/Poultry/Seafood
Service Case Meat,Seasoned Beef,Meat/Poultry/Seafood
Service Case Meat,Seasoned Pork,Meat/Poultry/Seafood
Service Case Meat,Stuffed/Mixed Poultry,Meat/Poultry/Seafood
Service Case Meat,Marinated Beef,Meat/Poultry/Seafood
Commodity,Subcommodity,Summary Category
Service Case Meat,Kabobs Poultry,Meat/Poultry/Seafood
Service Case Meat,Stuffed/Mixed Pork,Meat/Poultry/Seafood
Smoked Hams,Hamsâ€Half/Port Boneâ€In,Meat/Poultry/Seafood
Smoked Hams,Hamsâ€Spiral,Meat/Poultry/Seafood
Smoked Hams,Hamsâ€Whole Boneless,Meat/Poultry/Seafood
Smoked Hams,Hamsâ€Half/Port Boneless,Meat/Poultry/Seafood
Smoked Hams,Hamsâ€Dry Cured/Country,Meat/Poultry/Seafood
Smoked Hams,Hamsâ€Whole Boneâ€In,Meat/Poultry/Seafood
Smoked Pork,Ham Steaks/Cubes/Slices,Meat/Poultry/Seafood
Smoked Pork,Smoked Offal [Pork],Meat/Poultry/Seafood
Smoked Pork,Bacon â€ Belly/Jowl,Meat/Poultry/Seafood
Smoked Pork,Smoked Picnics [Pork],Meat/Poultry/Seafood
Snack Meat,Snack Meat â€ Pepperoni,Meat/Poultry/Seafood
Snack Meat,Snack Meat â€ Salami/Smr Sausag,Meat/Poultry/Seafood
Turkey Fresh,Whole Hen (Under 16lbs) [Turkey],Meat/Poultry/Seafood
Turkey Fresh,Whole Tom (Over 16lbs) [Turkey],Meat/Poultry/Seafood
Turkey Frozen,Whole Toms (Over 16lbs) [Turkey],Meat/Poultry/Seafood
Turkey Frozen,Whole Hens (Under 16lbs) [Turkey],Meat/Poultry/Seafood
Turkey Frozen,Turkey Breast Bone In,Meat/Poultry/Seafood
Turkey Grinds,Ground Turkey,Meat/Poultry/Seafood
Turkey Offal,External [Turkey Offal],Meat/Poultry/Seafood
Turkey Smoked,Turkey Wings,Meat/Poultry/Seafood
Turkey Smoked,Turkey Drums,Meat/Poultry/Seafood
Fluid Milk Products,Fluid Milk/White Only,Milk
Fluid Milk Products,Flavored Milk,Milk
Fluid Milk Products,Specialty/Lactose Free Milk,Milk
Fluid Milk Products,Organic Milk,Milk
Fluid Milk Products,Soy Milk,Milk
Nonâ€Dairy/Dairy Aseptic,Aseptic Milk,Milk
Nonâ€Dairy/Dairy Aseptic,Soy Beverage,Milk
Nonâ€Dairy/Dairy Aseptic,Nut Milk,Milk
Nonâ€Dairy/Dairy Aseptic,Rice Beverage,Milk
Refrigerated Dairy Case,Nonâ€Dairy Milks,Milk
Refrigerated Dairy Case,Fluid Milk,Milk
Authentic Asian Foods,Authentic Japanese Foods,Miscellaneous
Authentic Asian Foods,Authentic Chinese Foods,Miscellaneous
Authentic Central American Fds,Central American Foods,Miscellaneous
Authentic Hispanic Fds&Product,Hispanic Baking Needs,Miscellaneous
Baking Needs,Baking Powder & Soda,Miscellaneous
Baking Needs,Yeast: Dry,Miscellaneous
Baking Needs,Corn Starch,Miscellaneous
Dietary Aid Prdct/Med Liq Nutr,Diet Cntrl Liqs Nutritional,Miscellaneous
Dietary Aid Prdct/Med Liq Nutr,Diet Energy Drinks,Miscellaneous
Dietary Aid Prdct/Med Liq Nutr,Diet Cntrl Bars Nutritional,Miscellaneous
Fitness & Diet,Fitness&Diet â€ Bars W/Flour,Miscellaneous
Fitness & Diet,Fitness&Diet â€ Bars W/O Flour,Miscellaneous
Commodity,Subcommodity,Summary Category
Refrigerated Hispanic Grocery,Misc Hispanic Grocery,Miscellaneous
Baking Needs,Baking Nuts,Nuts and seeds
Bulk Food,Trail Mix/Nuts Bulk,Nuts and seeds
Condiments,Nut Butters/Peanut Butter,Nuts and seeds
Nuts,Pistachios,Nuts and seeds
Nuts,Mixed Nuts,Nuts and seeds
Nuts,Cashews,Nuts and seeds
Nuts,Sunflower/Other Seeds,Nuts and seeds
Nuts,Pecans Shelled,Nuts and seeds
Nuts,Peanuts All,Nuts and seeds
Nuts,Walnuts Shelled,Nuts and seeds
Nuts,Almonds Shelled,Nuts and seeds
Nuts,Trail Mix,Nuts and seeds
Nuts,Almonds,Nuts and seeds
Nuts,Dry Roast Peanuts,Nuts and seeds
Nuts,Oil Roast Peanuts,Nuts and seeds
Nuts,Nuts Other,Nuts and seeds
Nuts,Misc Snack Nuts,Nuts and seeds
Nuts,Nuts Inshell,Nuts and seeds
Peanut Butter/Jelly/Jams&Honey,Peanut Butter,Nuts and seeds
Trail Mix & Snacks,Trail Mixes/Snack,Nuts and seeds
Canned & Dry Milk,Canned Milk,Other dairy products
Canned & Dry Milk,Non Fat Dry Milk,Other dairy products
Refrigerated Dairy Case,Yogurt,Other dairy products
Refrigerated Dairy Case,Kefir,Other dairy products
Yogurt,Yogurt/Kids,Other dairy products
Yogurt,Yogurt/Ss Regular,Other dairy products
Yogurt,Yogurt/Ss Light,Other dairy products
Yogurt,Yogurt/Pro Active Health,Other dairy products
Yogurt,Yogurt/Adult Multiâ€Packs,Other dairy products
Yogurt,Yogurt/Specialty Greek,Other dairy products
Yogurt,Yogurt/Large Size (16oz Or Lar,Other dairy products
Yogurt,Yogurt/Adult Drinks,Other dairy products
,,
Deli Specialties (Retail Pk),Dl Spec: Dry/Refrig Pastas,"Pasta, cornmeal, other cereal"
,,products
Dry Bean Veg&Rice,Noodle Side Dish Mixes,"Pasta, cornmeal, other cereal"
,,products
Dry Noodles & Pasta,Long Cut Pasta,"Pasta, cornmeal, other cereal"
,,products
Dry Noodles & Pasta,Short Cut Pasta,"Pasta, cornmeal, other cereal"
,,products
Dry Noodles & Pasta,Noodles Dry,"Pasta, cornmeal, other cereal"
,,products
Dry/Ramen Bouillon,Ramen Noodles/Ramen Cups,"Pasta, cornmeal, other cereal"
,,products
Commodity,Subcommodity,Summary Category
,,products
Prepared/Pdgd Foods,Pasta/Ramen,"Pasta, cornmeal, other cereal"
,,products
Refrigerated Italian,Refrigerated Pasta,"Pasta, cornmeal, other cereal"
,,products
Salad & Dips,Pasta/Grain Salads â€ Prepack,"Pasta, cornmeal, other cereal"
,,products
Salad & Dips,Pasta/Grain Salads â€ Bulk,"Pasta, cornmeal, other cereal"
,,products
Seafood â€ Salad/Dip/Sce/Cond,Breading,"Pasta, cornmeal, other cereal"
,,products
Traditional Asian Foods,Asian Noodles/Rice,"Pasta, cornmeal, other cereal"
,,products
Authentic Hispanic Fds&Product,Hispanic Cookies/Crackers,Prepared Desserts
Baked Sweet Goods,Snack Cake â€Multi Pack,Prepared Desserts
Baked Sweet Goods,Sweet Goods â€ Full Size,Prepared Desserts
Bakery Party Trays,Party Trays: Cakes,Prepared Desserts
Baking Mixes,Layer Cake Mix,Prepared Desserts
Baking Mixes,Frosting,Prepared Desserts
Baking Mixes,Muffin & Corn Bread Mix,Prepared Desserts
Baking Mixes,Brownie Mix,Prepared Desserts
Baking Mixes,Cookies Mix,Prepared Desserts
Baking Mixes,Miscellaneous Package Mixes,Prepared Desserts
Baking Needs,Bits & Morsels [Baking Needs],Prepared Desserts
Baking Needs,Marshmallows,Prepared Desserts
Baking Needs,Pie Filling/Mincemeat/Glazes,Prepared Desserts
Baking Needs,Pie Crust Mixes & Shells,Prepared Desserts
Baking Needs,Cooking Chocolate (Ex Smiâ€Swt),Prepared Desserts
Baking Needs,Maraschino Cherries,Prepared Desserts
Baking Needs,Baking Cocoa,Prepared Desserts
Baking Needs,Marshmallow Creme,Prepared Desserts
Baking Needs,Coconut [Baking Needs],Prepared Desserts
Cake Decor,Cake Decors & Icing,Prepared Desserts
Cake Decor,Cake Decors â€ Candies,Prepared Desserts
Cakes,Cakes: Birthday/Celebration Sh,Prepared Desserts
Cakes,Cakes: Cupcakes,Prepared Desserts
Cakes,Cakes: Layers,Prepared Desserts
Cakes,Cakes: Creme/Pudding,Prepared Desserts
Cakes,Cakes: Cheesecake,Prepared Desserts
Cakes,Cakes: Fancy/Service Case,Prepared Desserts
Cakes,Cakes: Layers/Sheets Novelties,Prepared Desserts
Cakes,Cakes: Angel Fds/Cke Rolls,Prepared Desserts
Cakes,Cakes: Ice Cream,Prepared Desserts
Cakes,Cakes:Birthday/Celebration Lay,Prepared Desserts
Cakes,Cakes: Sheet,Prepared Desserts
Cakes,Cakes: Creme/Pudding Novelties,Prepared Desserts
Cakes,Cakes: Cheesecake Novelties,Prepared Desserts
Commodity,Subcommodity,Summary Category
Cnv Breakfast&Wholesome Snks,Treats,Prepared Desserts
Cookie/Cracker Multiâ€Pks,Multiâ€Pack Cookies,Prepared Desserts
Cookies,Sandwich Cookies,Prepared Desserts
Cookies,Tray Pack/Choc Chip Cookies,Prepared Desserts
Cookies,Cookies: Regular,Prepared Desserts
Cookies,Vanilla Wafer/Kids Cookies,Prepared Desserts
Cookies,Cookies: Holiday/Special Occas,Prepared Desserts
Cookies,Premium Cookies (Ex: Pepperidg,Prepared Desserts
Cookies,Graham Crackers,Prepared Desserts
Cookies,Chocolate Covered Cookies,Prepared Desserts
Cookies,Wellness/Portion Control [Cookies],Prepared Desserts
Cookies,Cookies: Gourmet,Prepared Desserts
Cookies,Fruit Filled Cookies,Prepared Desserts
Cookies,Cookies: Message,Prepared Desserts
Cookies,Cookies/Sweet Goods,Prepared Desserts
Cookies,Specialty Cookies,Prepared Desserts
Dry Mix Desserts,Pudding&Gelatin Cups/Cans,Prepared Desserts
Dry Mix Desserts,Puddings Dry,Prepared Desserts
Dry Mix Desserts,Gelatin,Prepared Desserts
Dry Mix Desserts,Misc: Cheesecake/Mousse Mixes,Prepared Desserts
Frozen Breakfast Foods,Frzn Breakfast Pastry,Prepared Desserts
Frozen Desserts,Frozen Fruit Pies  & Cobblers,Prepared Desserts
Frozen Desserts,Frozen Cream Pies,Prepared Desserts
Frozen Desserts,Frzn Pie Shells/Pastry Shell/F,Prepared Desserts
Frozen Desserts,Frozen Cakes/Desserts,Prepared Desserts
Frozen Desserts,Frzn Pastry&Cookies,Prepared Desserts
Frozen Desserts,Single Serv/Portion Control,Prepared Desserts
Frozen Noveltiesâ€Water Ice,Sticks/Enrobed [Frozen Novelties],Prepared Desserts
Frozen Noveltiesâ€Water Ice,Water Ice [Frozen Novelties],Prepared Desserts
Frozen Noveltiesâ€Water Ice,Cones [Frozen Novelties],Prepared Desserts
Frozen Noveltiesâ€Water Ice,Ice Cream Sandwiches,Prepared Desserts
Frozen Noveltiesâ€Water Ice,Adult Premium [Frozen Novelties],Prepared Desserts
Frozen Noveltiesâ€Water Ice,Cups/Push Ups/Other [Frozen,Prepared Desserts
,Novelties],
Frozen Whipped Topping,Frzn Whipped Topping,Prepared Desserts
Pies,Pies: Fruit/Nut,Prepared Desserts
Pies,Pies: Pumpkin/Custard,Prepared Desserts
Pies,Pies: Cream/Meringue,Prepared Desserts
Pies,Pies: Sugar Free,Prepared Desserts
Pies,Pies: Tarts/Minis/Crstdas,Prepared Desserts
Refrgrated Dough Products,Refrigerated Cookiesâ€ Break N B,Prepared Desserts
Refrgrated Dough Products,Refrigerated Cookie Dough,Prepared Desserts
Refrgrated Dough Products,Refrigerated Cookiesâ€Seasonal,Prepared Desserts
Refrgrated Dough Products,Refrigerated Pie Crust,Prepared Desserts
Refrigerated Desserts,Refrigerated Pudding,Prepared Desserts
Salad & Dips,Sal: Dessertsâ€Prepack,Prepared Desserts
Commodity,Subcommodity,Summary Category
Single Serve Sweet Goods,Snack Cake â€ Single Serve,Prepared Desserts
Ss/Vending â€ Cookie/Cracker,Vendor Size/Single Serve Cooki,Prepared Desserts
Sweet Goods,Sw Gds:Donuts,Prepared Desserts
Sweet Goods,Sw Gds: Sw Rolls/Dan,Prepared Desserts
Sweet Goods,Sw Gds: Muffins,Prepared Desserts
Sweet Goods,Sw Gds:Coffee Cakes,Prepared Desserts
Sweet Goods & Snacks,Sw Gds: Swt/Flvrd Loaves,Prepared Desserts
Sweet Goods & Snacks,Sw Gds: Brownie/Bar Cookie,Prepared Desserts
Sweet Goods & Snacks,Sw Gds: Puff Pastry,Prepared Desserts
Sweet Goods & Snacks,Sw Gds: Specialty Desserts,Prepared Desserts
Syrups Toppings & Cones,Ice Cream Toppings,Prepared Desserts
Value Added Fruit,Parfait Cups Instore,Prepared Desserts
Canned Pasta&Mwv Fdâ€Shlf Stbl,Can Pasta,Prepared Foods
Canned Pasta&Mwv Fdâ€Shlf Stbl,Microwavable Cups [Pasta],Prepared Foods
Chilled Ready Meals,Store Brand,Prepared Foods
Convenient Meals,Convenient Meals â€ Kids Meal C,Prepared Foods
Convenient Meals,Convenient Meals â€ Adult Meal,Prepared Foods
Dinner Mixesâ€Dry,Macaroni & Cheese Dnrs,Prepared Foods
Dinner Mixesâ€Dry,Skillet Dinners,Prepared Foods
Dinner Mixesâ€Dry,Microwave Dinners,Prepared Foods
Dinner Mixesâ€Dry,Package Dinners/Pasta Salads,Prepared Foods
Dinner Mixesâ€Dry,Pizza Mix Dry,Prepared Foods
Dinner Sausage,Dnr Sausage â€ Cocktails,Prepared Foods
Meat â€ Shelf Stable,Chili: Canned,Prepared Foods
Meat â€ Shelf Stable,Chunk Meats â€ Chix/Ham/Etc,Prepared Foods
Meat â€ Shelf Stable,Sandwich Sauce (Manwich),Prepared Foods
Meat â€ Shelf Stable,Vienna Sausage,Prepared Foods
Meat â€ Shelf Stable,Luncheon Meat (Spam),Prepared Foods
Meat â€ Shelf Stable,Hash: Canned,Prepared Foods
Meat â€ Shelf Stable,Beef Stew,Prepared Foods
Meat â€ Shelf Stable,Hot Dog Chili Sauce,Prepared Foods
Meat â€ Shelf Stable,Beef/Pork â€ Dried Sliced W/Gra,Prepared Foods
Meat â€ Shelf Stable,Potted Meats And Spreads,Prepared Foods
Meat â€ Shelf Stable,Corn Beef,Prepared Foods
Party Tray,Deli Tray:Sandwiches,Prepared Foods
Party Tray,Deli Tray:Appetizers&Hors D'oe,Prepared Foods
Prepared/Pdgd Foods,Boxed Prepared/Entree/Dry Prep,Prepared Foods
Prepared/Pdgd Foods,Vegetables/Dry Beans,Prepared Foods
Refrigerated Vegetarian,Vegetarian Meats,Prepared Foods
Refrigerated Vegetarian,Vegetarian Misc,Prepared Foods
Refrigerated Vegetarian,Nonâ€Dairy Cheese,Prepared Foods
Refrigerated Vegetarian,Tofu,Prepared Foods
Salad & Dips,Protein Salads â€ Bulk,Prepared Foods
Salad & Dips,Protein Salads â€ Prepack,Prepared Foods
Sandwiches,Sandwiches â€ (Cold),Prepared Foods
Sushi,Sushi â€ In Store Prepared,Prepared Foods
Commodity,Subcommodity,Summary Category
Traditional Asian Foods,Asian Foods And Meals,Prepared Foods
Traditional Asian Foods,Traditional Thai Foods,Prepared Foods
Traditional Mexican Foods,Mexican Dinners And Foods,Prepared Foods
Traditional Mexican Foods,Mexican Enchilada Sauce,Prepared Foods
Authentic Hispanic Fds&Product,Authentic Pasta/Rice/Beans,Rice
Dry Bean Veg&Rice,Rice Side Dish Mixes Dry,Rice
Dry Bean Veg&Rice,Rice â€ Dry Bag And Box,Rice
Dry Bean Veg&Rice,Rice â€ Instant & Microwave,Rice
Bag Snacks,Potato Chips,Salty snacks
Bag Snacks,Tortilla/Nacho Chips,Salty snacks
Bag Snacks,Mult Pk Bag Snacks,Salty snacks
Bag Snacks,Bagged Cheese Snacks,Salty snacks
Bag Snacks,Corn Chips,Salty snacks
Bag Snacks,Pretzels,Salty snacks
Bag Snacks,Store Brand,Salty snacks
Bag Snacks,Misc Bag Snacks,Salty snacks
Bag Snacks,Bagged Popped Popcorn,Salty snacks
Bag Snacks,Pork Skins/Cracklins,Salty snacks
Popcorn,Popcorn â€Microwave,Salty snacks
Popcorn,Popcorn â€ Other,Salty snacks
Popcorn,Caramel Coated Snacks,Salty snacks
Snack,Tortilla Chips,Salty snacks
Snack,Soy/Rice Snacks,Salty snacks
Snacks,Snacks:Pita Chips,Salty snacks
Snacks,Snacks: Salty,Salty snacks
Snacks,Snacks:Tortilla Chips,Salty snacks
Snacks,Snacks: Crackers/Cookies,Salty snacks
Ss/Vending â€ Salty Snacks,Salty Snacks Vending,Salty snacks
Warehouse Snacks,Canister Snacks,Salty snacks
Warehouse Snacks,Snack Mix,Salty snacks
Warehouse Snacks,Misc Snacks,Salty snacks
Authentic Hispanic Fds&Product,Authentic Soups/Bouillons,Soup
Canned Soups,Condensed Soup,Soup
Dry/Ramen Bouillon,Dry Soup,Soup
Dry/Ramen Bouillon,Bouillon,Soup
Rts/Micro Soup/Broth,Rts Soup: Chunky/Homestyle/ Et,Soup
Rts/Micro Soup/Broth,Broth,Soup
Rts/Micro Soup/Broth,Microwavable Soups,Soup
Soup,Cans Soup/Chili,Soup
Soup,Broths,Soup
Condiments,Honey/Syrup,Sugars
Dressings/Dips,Dips Caramel/Fruit Glazes,Sugars
Molasses/Syrups/Pancake Mixes,Molasses & Syrups,Sugars
Peanut Butter/Jelly/Jams&Honey,Honey,Sugars
Sugars & Sweeteners,Sugar,Sugars
Sugars & Sweeteners,Sweeteners,Sugars
Commodity,Subcommodity,Summary Category
Aseptic Juice,Aseptic Pack Juice And Drinks,Sweetened Beverages
Authentic Hispanic Fds&Product,Hispanic Carbonated Beverages,Sweetened Beverages
Authentic Hispanic Fds&Product,Hispanic Juice Under 50% Juice,Sweetened Beverages
Beverages,Can/Btl Carb Beve 50% And Unde,Sweetened Beverages
Cocoa Mixes,Malted Mlk/Syrup/Pwdrs (Eggnog,Sweetened Beverages
Cocoa Mixes,Hot Chocolate/Cocoa Mix,Sweetened Beverages
Energy Drinks,Energy Drink â€ Single Serve,Sweetened Beverages
Energy Drinks,Energy Drink â€ Single Serve (N,Sweetened Beverages
Energy Drinks,Energy Drink â€Multiâ€Pack,Sweetened Beverages
Energy Drinks,Energy Drink â€Multiâ€Pack (Non,Sweetened Beverages
Frozen Juice And Smoothies,Frzn Fruit Drinks (Under 10% J,Sweetened Beverages
Frozen Juice And Smoothies,Frzn Conc Under 50% Juice,Sweetened Beverages
Frozen Juice And Smoothies,Smoothiesâ€Frz,Sweetened Beverages
Frozen Juice And Smoothies,Cocktail Mixesâ€Frz,Sweetened Beverages
Isotonic Drinks,Isotonic Drinks Single Serve,Sweetened Beverages
Isotonic Drinks,Isotonic Drinks Multiâ€Pack,Sweetened Beverages
Isotonic Drinks,Isotonic Drinks Multiâ€Serve,Sweetened Beverages
Isotonic Drinks,Sports Drink N/Supplmnt Milk/M,Sweetened Beverages
Juice,Nonâ€Carb Jce (Under 50%Jce),Sweetened Beverages
Juices Super Premium,Juices Smoothies/Blended,Sweetened Beverages
Juices Super Premium,Juices Antioxidant/Wellness,Sweetened Beverages
Juices Super Premium,Juices (50% And Under Juice),Sweetened Beverages
Mixers,Cocktail Mixesâ€Fluid:Add Liq,Sweetened Beverages
Powder & Crystal Drink Mix,Unsweetened Envelope [Powder,Sweetened Beverages
,Drink Mix],
Powder & Crystal Drink Mix,Sugar Free Canister [Powder Drink,Sweetened Beverages
,Mix],
Powder & Crystal Drink Mix,Sugar Free Sticks [Powder Drink Mix],Sweetened Beverages
Powder & Crystal Drink Mix,Soft Drink Canisters,Sweetened Beverages
Powder & Crystal Drink Mix,Enhanced Stick [Powder Drink Mix],Sweetened Beverages
Powder & Crystal Drink Mix,Sugar Sweetened Sticks,Sweetened Beverages
Powder & Crystal Drink Mix,Fluid Pouch [Powder Drink Mix],Sweetened Beverages
Powder & Crystal Drink Mix,Breakfast Crystals,Sweetened Beverages
Processed,Packaged Dry Mixes,Sweetened Beverages
Refrgratd Juices/Drinks,Dairy Case Juice Drnk Under 10,Sweetened Beverages
Refrgratd Juices/Drinks,Dairy Case Citrus Pnch/Oj Subs,Sweetened Beverages
Refrgratd Juices/Drinks,Dairy Case Tea With Sugar Or S,Sweetened Beverages
Refrgratd Juices/Drinks,Dairy Case Fruit Drinks (No Ju,Sweetened Beverages
Rtd Tea/New Age Juice,Tea Sweetened,Sweetened Beverages
Rtd Tea/New Age Juice,Juice (Under 10% Juice),Sweetened Beverages
Shelf Stable Juice,Fruit Drinks: Canned & Glass (,Sweetened Beverages
Shelf Stable Juice,Cranapple/Cran Grape Juice (50,Sweetened Beverages
Shelf Stable Juice,Cranberry Juice (50% And Under,Sweetened Beverages
Shelf Stable Juice,Blended Juice&Combinations (50,Sweetened Beverages
Shelf Stable Juice,Fruit Drinks: Canned & Glass (,Sweetened Beverages
Shelf Stable Juice,Apple Juice & Cider (50% And U,Sweetened Beverages
Commodity,Subcommodity,Summary Category
Shelf Stable Juice,Blended Juice&Combinations (Un,Sweetened Beverages
Shelf Stable Juice,Fruit Drinks: Canned & Glass (,Sweetened Beverages
Soft Drinks,Soft Drinks 12/18&15pk Can Car,Sweetened Beverages
Soft Drinks,Sft Drnk 2 Liter Btl Carb Incl,Sweetened Beverages
Soft Drinks,Soft Drinks 20pk&24pk Can Carb,Sweetened Beverages
Soft Drinks,Sft Drnk Mltâ€Pk Btl Carb (Excp,Sweetened Beverages
Soft Drinks,Sft Drnk Sngl Srv Btl Carb (Ex,Sweetened Beverages
Soft Drinks,Soft Drinks Can Nonâ€Carb (Exce,Sweetened Beverages
Soft Drinks,Soft Drinks 6pk Can Carb (Exp,Sweetened Beverages
Soft Drinks,Sft Drnk 1 Liter Btl Carb (Exc,Sweetened Beverages
Soft Drinks,Tea Can With Sweetener/Sugar,Sweetened Beverages
Soft Drinks,Soft Drink Bottle Nonâ€Carb (Ex,Sweetened Beverages
Soft Drinks,Tea Bottles With Sweetener/Sug,Sweetened Beverages
Soft Drinks,Mixers(Tonic Water/Gngr Ale),Sweetened Beverages
Soft Drinks,Seltzer Unflavored,Sweetened Beverages
Teas,Instant Tea & Tea Mix (W/Sugar,Sweetened Beverages
Water,Nonâ€Carb Water Flvr â€ Drnk/Mnr,Sweetened Beverages
Water â€ (Sparkling&Still),Still Water Flvrd Drnk/Mnrl Wt,Sweetened Beverages
Water â€ (Sparkling&Still),Sparkling Water â€ Flvrd Sweet,Sweetened Beverages
Authentic Hispanic Fds&Product,Authentic Vegetables And Foods,Vegetables
Authentic Hispanic Fds&Product,Authentic Peppers,Vegetables
Authentic Italian Foods,Italian Vegetables,Vegetables
Broccoli/Cauliflower,Broccoli Whole&Crowns,Vegetables
Broccoli/Cauliflower,Cauliflower Whole,Vegetables
Can Vegetables â€ Shelf Stable,Green Beans: Fs/Whl/Cut,Vegetables
Can Vegetables â€ Shelf Stable,Corn,Vegetables
Can Vegetables â€ Shelf Stable,Peas/Green,Vegetables
Can Vegetables â€ Shelf Stable,Spinach & Greens,Vegetables
Can Vegetables â€ Shelf Stable,Mushrooms Cnd & Glass,Vegetables
Can Vegetables â€ Shelf Stable,Sweet Potatoes,Vegetables
Can Vegetables â€ Shelf Stable,Mixed Vegetables,Vegetables
Can Vegetables â€ Shelf Stable,Carrots,Vegetables
Can Vegetables â€ Shelf Stable,White Potatoes,Vegetables
Can Vegetables â€ Shelf Stable,Kraut & Cabbage,Vegetables
Can Vegetables â€ Shelf Stable,Beets,Vegetables
Can Vegetables â€ Shelf Stable,Peas Fresh Pack/Crowder,Vegetables
Can Vegetables â€ Shelf Stable,Artichokes,Vegetables
Carrots,Carrots Mini Peeled,Vegetables
Carrots,Carrots Bagged,Vegetables
Carrots,Carrots Bagged Organic,Vegetables
Corn,Corn Bulk,Vegetables
Corn,Corn Is Packaged,Vegetables
Dry Sce/Gravy/Potatoes/Stuffng,Potatoes: Dry,Vegetables
Frozen Potatoes,Frzn French Fries,Vegetables
Frozen Potatoes,Frzn Tater Tots/Other Extruded,Vegetables
Frozen Potatoes,Frzn Hashbrown Potatoes,Vegetables
Commodity,Subcommodity,Summary Category
Frozen Potatoes,Frzn Onion Rings,Vegetables
Frozen Vegetable & Veg Dish,Fz Bag Vegetables â€ Plain,Vegetables
Frozen Vegetable & Veg Dish,Frzn Steamable Vegetables,Vegetables
Frozen Vegetable & Veg Dish,Fz Box Vegetables â€ Value Adde,Vegetables
Frozen Vegetable & Veg Dish,Frzn Corn On The Cob,Vegetables
Frozen Vegetable & Veg Dish,Fz Bag Vegetables â€ Value Adde,Vegetables
Frozen Vegetable & Veg Dish,Fz Box Vegetables â€ Plain,Vegetables
Herbs/Garlic,Garlic Whole Cloves,Vegetables
Herbs/Garlic,Sprouts,Vegetables
Mushrooms,Mushrooms White Sliced Pkg,Vegetables
Mushrooms,Mushrooms White Whole Pkg,Vegetables
Mushrooms,Mushrooms Portabella,Vegetables
Mushrooms,Mushrooms White Bulk,Vegetables
Onions,Onions Yellow (Bulk&Bag),Vegetables
Onions,Onions Sweet (Bulk&Bag),Vegetables
Onions,Onions Red (Bulk&Bag),Vegetables
Onions,Onions White (Bulk&Bag),Vegetables
Organics Fruit & Vegetables,Organic Salad Mix,Vegetables
Organics Fruit & Vegetables,Organic Value Added Vegetables,Vegetables
Party Tray,Deli Tray:Fruit And Vegetable,Vegetables
Pasta & Pizza Sauce,Mainstream [Pasta & Pizza Sauce],Vegetables
Pasta & Pizza Sauce,Value [Pasta & Pizza Sauce],Vegetables
Pasta & Pizza Sauce,Pizza Sauce,Vegetables
Peppers,Peppers Green Bell,Vegetables
Peppers,Peppers Red Bell,Vegetables
Peppers,Peppers Other Bell,Vegetables
Peppers,Peppers Yellow Bell,Vegetables
Peppers,Peppers Jalapeno,Vegetables
Peppers,Peppers All Other,Vegetables
Potatoes,Potatoes Russet (Bulk&Bag),Vegetables
Potatoes,Potatoes Sweet&Yams,Vegetables
Potatoes,Potatoes Red (Bulk&Bag),Vegetables
Potatoes,Potatoes Gourmet,Vegetables
Potatoes,Potatoes Gold (Bulk&Bag),Vegetables
Potatoes,Potatoes Other Organic,Vegetables
Salad & Dips,Vegetable Salads â€ Prepack,Vegetables
Salad & Dips,Vegetable Salads â€ Bulk,Vegetables
Salad & Dips,Salad: Lettuce,Vegetables
Salad & Dips,Salad Bar,Vegetables
Salad Bar,Salad Bar Other,Vegetables
Salad Mix,Blends [Salad Mix],Vegetables
Salad Mix,Regular Garden,Vegetables
Salad Mix,Garden Plus [Salad Mix],Vegetables
Salad Mix,Kits [Salad Mix],Vegetables
Salad Mix,Shredded Lettuce,Vegetables
Salad Mix,Salad Bowls,Vegetables
Commodity,Subcommodity,Summary Category
Salad Mix,Salad Spinach,Vegetables
Salad Mix,Coleslaw,Vegetables
Salad Mix,Salad Spinach Organic,Vegetables
Seasonal,Pumpkins,Vegetables
Spices/Jarred Garlic,Garlic Jar,Vegetables
Tomato Productsâ€Shelf Stable,Tomatoes Diced,Vegetables
Tomato Productsâ€Shelf Stable,Tomato Sauce,Vegetables
Tomato Productsâ€Shelf Stable,Tomato Paste,Vegetables
Tomato Productsâ€Shelf Stable,Tomato Stewed,Vegetables
Tomato Productsâ€Shelf Stable,Tomatoes/Whole,Vegetables
Tomato Productsâ€Shelf Stable,Tomato Crushed,Vegetables
Tomatoes,Tomatoes Hothouse On The Vine,Vegetables
Tomatoes,Roma Tomatoes (Bulk/Pkg),Vegetables
Tomatoes,Tomatoes Vine Ripe Bulk,Vegetables
Tomatoes,Tomatoes Hot House Bulk,Vegetables
Tomatoes,Tomatoes Grape,Vegetables
Tomatoes,Tomatoes Vine Ripe Pkg,Vegetables
Tomatoes,Tomatoes Cherry,Vegetables
Tomatoes,Tomatoesâ€Other,Vegetables
Tomatoes,Tomatoes Others Organic,Vegetables
Tomatoes,Tomatoes Cocktail,Vegetables
Traditional Asian Foods,Asian Vegetables,Vegetables
Traditional Mexican Foods,Mexican Peppers Chilies,Vegetables
Value Added Vegetables,Vegetable Party Tray,Vegetables
Value Added Vegetables,Cut Vegetables All Other,Vegetables
Value Added Vegetables,Instore Cut Vegetables,Vegetables
Vegetables Cooking Bulk,Celery,Vegetables
Vegetables Cooking Bulk,Cabbage,Vegetables
Vegetables Cooking Bulk,Asparagus,Vegetables
Vegetables Cooking Bulk,Celery Organic,Vegetables
Vegetables Cooking Packaged,Broccoli/Cauliflower Processed,Vegetables
Vegetables Cooking Packaged,Vegetables Cooking Packaged,Vegetables
Vegetables Salad,Head Lettuce,Vegetables
Vegetables Salad,Cucumbers,Vegetables
Vegetables Salad,Variety Lettuce,Vegetables
Vegetables Salad,Green Onions,Vegetables
Vegetables Salad,Radish,Vegetables
Vegetables Salad,Variety Lettuce Organic,Vegetables
Vegetables Salad,Spinach Bulk,Vegetables
